{"cameraMode":{"drawMode":0,"name":"Shaded","section":"Shading Mode"},"sceneLighting":true,"audioPlay":false,"sceneViewState":{"showFog":true,"showMaterialUpdate":false,"showSkybox":true,"showFlares":true,"showImageEffects":true,"showParticleSystems":true,"showVisualEffectGraphs":true,"m_FxEnabled":true},"in2DMode":false,"pivot":{"x":-1.9904171228408814,"y":1.0122750997543336,"z":-0.04768037796020508},"rotation":{"x":0.12074124068021774,"y":0.8641699552536011,"z":-0.24784685671329499,"w":0.42096441984176638},"size":3.399996519088745,"orthographic":false}